file,manufacturer,name,@id,capacity
A123_Systems_20AH.json,A123 Systems,20AH,https://w3id.org/battinfo/spec/ye25-rvjv-m7k5-hgkq,20.0
A123_Systems_26AH.json,A123 Systems,26AH,https://w3id.org/battinfo/spec/gej0-sem5-34mg-y980,26.0
A123_Systems_32AH.json,A123 Systems,32AH,https://w3id.org/battinfo/spec/1bjy-y6r4-apnk-r84y,32.0
A123_Systems_39AH.json,A123 Systems,39AH,https://w3id.org/battinfo/spec/jx6v-ydpd-q220-vn23,39.0
A123_Systems_50AH.json,A123 Systems,50AH,https://w3id.org/battinfo/spec/3ry6-xtff-ssq6-t3te,50.0
A123_Systems_AMP20M1HD-A.json,A123 Systems,AMP20M1HD-A,https://w3id.org/battinfo/spec/2k4b-dd21-8gff-kqd0,19.6
A123_Systems_ANR26650M1-B.json,A123 Systems,ANR26650M1-B,https://w3id.org/battinfo/spec/pge5-wer6-2q82-v9k0,2.5
A123_Systems_ANR26650M1A.json,A123 Systems,ANR26650M1A,93aq-j2bc-svyr-365b,2.3
AA_Portable_Power_PL-325085-2C.json,AA Portable Power,PL-325085-2C,uwmq-bsmn-4kgm-9c4m,1.55
ATL_Amperex_Technology_5048168.json,ATL Amperex Technology,5048168,https://w3id.org/battinfo/spec/6pwf-58xm-bha1-fdde,3.8
ATL_Amperex_Technology_5080122.json,ATL Amperex Technology,5080122,https://w3id.org/battinfo/spec/vyaj-kanb-p0rp-9ew8,4.53
ATL_Amperex_Technology_6048168.json,ATL Amperex Technology,6048168,https://w3id.org/battinfo/spec/1114-ep6b-csav-2af0,4.2
ATL_Amperex_Technology_7048168.json,ATL Amperex Technology,7048168,https://w3id.org/battinfo/spec/qahy-dfqt-5aet-12ks,5.5
ATL_Amperex_Technology_8045135.json,ATL Amperex Technology,8045135,https://w3id.org/battinfo/spec/ys3e-bevm-586a-4hrw,4.4
ATL_Amperex_Technology_8235138.json,ATL Amperex Technology,8235138,https://w3id.org/battinfo/spec/da30-88nc-57md-0p2x,3.8
ATL_Amperex_Technology_8845135.json,ATL Amperex Technology,8845135,https://w3id.org/battinfo/spec/rbsy-0f99-pvx5-1c9k,4.75
Advanced_Electronics_Energy_AE8867220PMHRE.json,Advanced Electronics Energy,AE8867220PMHRE,https://w3id.org/battinfo/spec/a10g-rxfc-t5zx-209d,10.5
AlcaPower_LIR18650HFT.json,AlcaPower,LIR18650HFT,xehx-9uae-4g9z-aqw6,2.6
Amita_Technologies_120155250L-AL40.json,Amita Technologies,120155250L-AL40,https://w3id.org/battinfo/spec/a7eg-hdzw-6whf-qr9g,42.0
Amita_Technologies_120155250N-AM44E.json,Amita Technologies,120155250N-AM44E,https://w3id.org/battinfo/spec/mcph-bb7c-3xvb-wgdg,49.0
Amita_Technologies_120155250NH-NH02.json,Amita Technologies,120155250NH-NH02,https://w3id.org/battinfo/spec/ebnj-6fr0-c79f-pjg0,45.0
Amita_Technologies_120155250NH-NH04.json,Amita Technologies,120155250NH-NH04,https://w3id.org/battinfo/spec/3kj7-kzhq-f585-0xgj,50.0
Amita_Technologies_120155250P-LF01.json,Amita Technologies,120155250P-LF01,https://w3id.org/battinfo/spec/b3zr-wwa6-5vrf-c62y,40.0
Amita_Technologies_5099130NRS.json,Amita Technologies,5099130NRS,https://w3id.org/battinfo/spec/8g5r-68ye-rfge-zycb,5.5
Amita_Technologies_7799130N.json,Amita Technologies,7799130N,https://w3id.org/battinfo/spec/ryzb-ad3k-yf5t-f76s,10.3
Amita_Technologies_7799130ND.json,Amita Technologies,7799130ND,https://w3id.org/battinfo/spec/bkhb-f48v-s0qf-frzg,11.7
Amita_Technologies_7799130P.json,Amita Technologies,7799130P,https://w3id.org/battinfo/spec/nbv8-01zy-s3a2-kqnk,7.5
Amita_Technologies_8399130NE.json,Amita Technologies,8399130NE,https://w3id.org/battinfo/spec/ck1t-wgy4-m858-z2g3,14.5
Amita_Technologies_9299130N.json,Amita Technologies,9299130N,https://w3id.org/battinfo/spec/3fvz-qcc7-smsj-km2x,13.0
Amita_Technologies_9299130NE.json,Amita Technologies,9299130NE,https://w3id.org/battinfo/spec/wb3p-y4g3-253p-qw1f,16.8
Amprius_Wuxi_Lead_ANW3.6-455055.json,Amprius_Wuxi Lead,ANW3.6-455055,https://w3id.org/battinfo/spec/w4v0-50w0-bmyt-g19m,3.6
Amprius_Wuxi_Lead_E485795CH.json,Amprius_Wuxi Lead,E485795CH,zs2j-dspv-zpsw-2kdb,5.0
AutoEnergy_50Ah_55380.json,AutoEnergy,50Ah 55380,https://w3id.org/battinfo/spec/j3ra-kwr4-wpvs-ccwz,50.0
Auto_Energy_Technology_Co_YT185185185.json,Auto Energy Technology Co,YT185185185,https://w3id.org/battinfo/spec/f569-t9pm-3t7d-sr61,40.0
BAK_26650HC2.json,BAK,26650HC2,https://w3id.org/battinfo/spec/7xma-q4tr-1h9e-j0tq,5.0
BAK_N18650CK.json,BAK,N18650CK,https://w3id.org/battinfo/spec/g0kf-1nw5-rt5b-nhd7,3.05
BAK_N21700CB-48.json,BAK,N21700CB-48,https://w3id.org/battinfo/spec/d2xr-f1ph-tw22-tg68,4.8
BAK_N21700CG-50.json,BAK,N21700CG-50,https://w3id.org/battinfo/spec/yxk7-669c-bevp-mj3e,5.0
BMZ_Sony_BMZ_21700_40PS1.json,BMZ_Sony,BMZ 21700 40PS1,https://w3id.org/battinfo/spec/7ajp-rq3e-25m6-bkex,4.0
BMZ_Sony_BMZ_21700_42_PM.json,BMZ_Sony,BMZ 21700 42 PM,https://w3id.org/battinfo/spec/qkjm-pb5d-y09d-b8q3,4.16
BMZ_Sony_BMZ_21700_50EL.json,BMZ_Sony,BMZ 21700 50EL,https://w3id.org/battinfo/spec/df1m-pkf0-xq7s-hcm2,5.0
BMZ_Sony_BMZ_21700_52E.json,BMZ_Sony,BMZ 21700 52E,https://w3id.org/battinfo/spec/de2r-jnnd-kp2r-y4m1,5.2
BMZ_Sony_BMZ_21700_52EM.json,BMZ_Sony,BMZ 21700 52EM,https://w3id.org/battinfo/spec/756r-m5mb-1y5x-b9hf,5.2
BMZ_TerraE_INR_21700_50_E.json,BMZ_TerraE,INR 21700 50 E,https://w3id.org/battinfo/spec/e0c6-8v6x-4cxj-cw2e,5.0
BMZ_TerraE_INR_21700_58_E.json,BMZ_TerraE,INR 21700 58 E,https://w3id.org/battinfo/spec/x8aq-48q1-rmtp-1sqw,5.7
BYD_FC4680.json,BYD,FC4680,vvw7-jix2-g89c-hm8x,15.0
Battronix_LCB8570170EC1.json,Battronix,LCB8570170EC1,https://w3id.org/battinfo/spec/ez9d-44nt-smpy-6nsf,12.6
CALB_26650FS3.json,CALB,26650FS3,https://w3id.org/battinfo/spec/kvtw-a3sy-68yx-q8ak,3.6
CALB_CA100.json,CALB,CA100,https://w3id.org/battinfo/spec/4jpk-0z4n-rdnz-nnkx,100.0
CALB_CA40.json,CALB,CA40,https://w3id.org/battinfo/spec/6bv9-ar4v-p7m7-mmy1,40.0
CALB_CA400.json,CALB,CA400,https://w3id.org/battinfo/spec/qhgs-ebjd-hf0c-8b7q,400.0
CALB_CA60.json,CALB,CA60,https://w3id.org/battinfo/spec/sr1a-4m9d-mw88-sqpx,60.0
CALB_CAM72.json,CALB,CAM72,https://w3id.org/battinfo/spec/g7kp-6mnh-c6q0-0mpv,72.0
CALB_L135F72_(CAM72).json,CALB,L135F72 (CAM72),https://w3id.org/battinfo/spec/g99p-ajbm-4cj1-ksqx,72.0
CALB_L148N50B.json,CALB,L148N50B,https://w3id.org/battinfo/spec/2vsr-1n5n-cdz3-t3c0,50.0
CALB_L148N58A.json,CALB,L148N58A,https://w3id.org/battinfo/spec/7cbc-zf95-3m3n-tkze,58.0
CALB_L160F100B.json,CALB,L160F100B,https://w3id.org/battinfo/spec/9zk0-0ky2-v6t1-q0r9,100.0
CALB_L173F125A.json,CALB,L173F125A,https://w3id.org/battinfo/spec/a52h-qz8t-vh7z-c8hd,125.0
CALB_LFP176Ah.json,CALB,LFP176Ah,https://w3id.org/battinfo/spec/r5pg-fmph-7h9p-814f,176.0
CALB_SE180AHA.json,CALB,SE180AHA,https://w3id.org/battinfo/spec/ejky-4dqz-tsqc-5wqm,180.0
CATL_100Ah_CATL_LiFePO4.json,CATL,100Ah CATL LiFePO4,https://w3id.org/battinfo/spec/m5jy-70hb-3qn9-cd04,100.0
CATL_120Ah_CATL_LiFePO4.json,CATL,120Ah CATL LiFePO4,https://w3id.org/battinfo/spec/7me6-wxp9-cw22-5b94,120.0
CATL_280Ah_CATL_LiFePO4.json,CATL,280Ah CATL LiFePO4,https://w3id.org/battinfo/spec/1fhf-aq22-a0gq-nqv2,280.0
CATL_50Ah_CATL_811.json,CATL,50Ah CATL 811,https://w3id.org/battinfo/spec/2csz-3ptn-bjcg-ht96,50.0
CATL_CB2W0.json,CATL,CB2W0,985v-hx73-z7i8-bgzm,280.0
CATL_LEP54H4K1.json,CATL,LEP54H4K1,https://w3id.org/battinfo/spec/gpcn-xna5-tgvp-prv2,202.0
CATL_LEP71H3L7-01.json,CATL,LEP71H3L7-01,https://w3id.org/battinfo/spec/g5ry-j413-5nb8-t75e,302.0
COSLIGHT_FP45173209A.json,COSLIGHT,FP45173209A,https://w3id.org/battinfo/spec/8fbz-45jj-xm2n-2fna,150.0
CRJ_Technology_Limited_RJ-LFP71173200-271.json,CRJ Technology Limited,RJ-LFP71173200-271,https://w3id.org/battinfo/spec/sg8f-757f-n8ve-6mg1,271.0
Chengdu_Jianzhong_Lithium_Battery_Company_Ltd_ICR26650.json,Chengdu Jianzhong Lithium Battery Company Ltd,ICR26650,https://w3id.org/battinfo/spec/e1mw-17a1-w3vd-r68q,4.0
DUBILIER_LP-503562-1S-3.json,DUBILIER,LP-503562-1S-3,c6qf-g89q-inpk-k28p,1.1
Dongguan_K-Tech_New_Energy_INR21700P-4000mAh.json,Dongguan K-Tech New Energy,INR21700P-4000mAh,https://w3id.org/battinfo/spec/nb97-kv7f-bgnk-cma4,4.0
E-One_Moli_Energy_(Canada)_Limited_IBR-26700A.json,E-One Moli Energy (Canada) Limited,IBR-26700A,https://w3id.org/battinfo/spec/04zm-zxtb-x17v-d691,3.5
EAS_Batteries_HE-341440_NCA.json,EAS Batteries,HE-341440 NCA,https://w3id.org/battinfo/spec/91r8-ryev-gh2k-9ghv,10.0
EAS_Batteries_HE-602030_NCA_55AH.json,EAS Batteries,HE-602030 NCA 55AH,https://w3id.org/battinfo/spec/776a-rphh-p7n8-f065,55.0
EAS_Batteries_HP-601300_LithiumNickelCobaltAluminiumOxide.json,EAS Batteries,HP-601300 LithiumNickelCobaltAluminiumOxide,https://w3id.org/battinfo/spec/jb0z-a5qj-k5w9-8dca,27.0
EAS_Batteries_UHP-341440_NCA.json,EAS Batteries,UHP-341440 NCA,https://w3id.org/battinfo/spec/zpnk-n0y8-8n5w-6j7n,7.5
ECO_POWER_GROUP_EC-AU228-NAH3L4.json,ECO POWER GROUP,EC-AU228-NAH3L4,https://w3id.org/battinfo/spec/d5wc-b50n-sb5a-xbww,228.0
EEMB_LIR2025H.json,EEMB,LIR2025H,mpte-293x-md99-dhdc,0.048
ELERIX_EX-T30K.json,ELERIX,EX-T30K,https://w3id.org/battinfo/spec/xaft-jtkk-vvbg-6qaa,30.0
ENAX_ENL-LM20.json,ENAX,ENL-LM20,https://w3id.org/battinfo/spec/f67m-nex7-qbbp-pdnd,20.0
ENAX_ENS-XE36.json,ENAX,ENS-XE36,https://w3id.org/battinfo/spec/ebv9-t7fr-mmr8-x6k3,3.6
ENAX_ENW-LM08.json,ENAX,ENW-LM08,https://w3id.org/battinfo/spec/b3fy-z439-8sx1-c522,8.0
ENERDEL_CE175-360_Moxie+.json,ENERDEL,CE175-360 Moxie+,https://w3id.org/battinfo/spec/27rt-sd7m-2jmd-68hw,17.5
ENERDEL_CE250-370_Moxie+.json,ENERDEL,CE250-370 Moxie+,https://w3id.org/battinfo/spec/r3m8-7vwd-gvyp-njm5,17.5
ENERDEL_CP160-365_Moxie+.json,ENERDEL,CP160-365 Moxie+,https://w3id.org/battinfo/spec/6ayk-dat1-t5h3-c5j7,16.0
ENERTECH_58253172V4_30Ah.json,ENERTECH,58253172V4_30Ah,https://w3id.org/battinfo/spec/n5wh-vh82-wjem-h1mt,25.0
ENERTECH_SPB704684.json,ENERTECH,SPB704684,https://w3id.org/battinfo/spec/hnd6-01ye-4qem-xm6z,3.3
ENERTECH_SPB_58253172EG1_17Ah.json,ENERTECH,SPB 58253172EG1_17Ah,https://w3id.org/battinfo/spec/qhx2-esvm-6ngp-p1sh,17.5
ENERTECH_SPB_58253172P3_23Ah.json,ENERTECH,SPB 58253172P3_23Ah,https://w3id.org/battinfo/spec/x6sn-mxr5-gg3k-70hh,23.0
ENERTECH_SPB_58253172P4.json,ENERTECH,SPB 58253172P4,https://w3id.org/battinfo/spec/1kgr-rgrg-rtg5-g56s,25.0
ENERTECH_SPB_58253172V2_22Ah.json,ENERTECH,SPB 58253172V2_22Ah,https://w3id.org/battinfo/spec/eqt6-4map-3487-9qpx,22.0
ENERTECH_SPB_58253172V3_25Ah.json,ENERTECH,SPB 58253172V3_25Ah,https://w3id.org/battinfo/spec/j98h-pe7c-2b5p-qjd3,25.0
ENERTECH_SPB_59235172PG1.json,ENERTECH,SPB 59235172PG1,https://w3id.org/battinfo/spec/7x0r-8gae-z83t-qy6c,16.0
ENERTECH_SPB_70115145_12_Ah.json,ENERTECH,SPB 70115145_12 Ah,https://w3id.org/battinfo/spec/3a41-jwfw-1xn6-gppt,12.0
ENERTECH_SPB_90190260V2_40Ah.json,ENERTECH,SPB 90190260V2_40Ah,https://w3id.org/battinfo/spec/byyt-tsgd-zznt-g8m2,40.0
EVE_EVE-INR18650_33V.json,EVE,EVE-INR18650/33V,https://w3id.org/battinfo/spec/mdsv-b5tn-vjn8-a0qp,3.2
EVE_Energy_D11.json,EVE Energy,D11,https://w3id.org/battinfo/spec/2d9a-new7-ec4m-pb15,43.0
EVE_Energy_D12.json,EVE Energy,D12,https://w3id.org/battinfo/spec/zwc0-syzf-7kdn-8t5m,30.0
EVE_Energy_D13.json,EVE Energy,D13,https://w3id.org/battinfo/spec/gf7f-4y7w-k6a5-7c9a,51.0
EVE_Energy_D21.json,EVE Energy,D21,https://w3id.org/battinfo/spec/aq3m-b63q-0fe6-hb9q,52.0
EVE_Energy_INP42P.json,EVE Energy,INP42P,https://w3id.org/battinfo/spec/fbtm-t6pr-gfmc-tnpr,42.0
EVE_Energy_INP50E.json,EVE Energy,INP50E,https://w3id.org/battinfo/spec/p2vm-vjz8-nn94-q8pd,50.0
EVE_Energy_INP60E.json,EVE Energy,INP60E,https://w3id.org/battinfo/spec/cd0y-s5kf-br3c-zvx0,60.0
EVE_Energy_INP72P.json,EVE Energy,INP72P,https://w3id.org/battinfo/spec/g1f0-6x0w-4t9r-x3m6,72.0
EVE_Energy_INP80E.json,EVE Energy,INP80E,https://w3id.org/battinfo/spec/ys6g-h04h-zveh-tnaf,80.0
EVE_Energy_LF105-73103.json,EVE Energy,LF105-73103,https://w3id.org/battinfo/spec/ay3w-12wm-2jh5-75rg,106.5
EVE_Energy_LF280-72174.json,EVE Energy,LF280-72174,https://w3id.org/battinfo/spec/0f58-w4dg-p2cs-4217,280.0
EVE_Energy_LF280K-72174.json,EVE Energy,LF280K-72174,https://w3id.org/battinfo/spec/cmcy-cyp8-ajxx-27rg,280.0
EVE_Energy_LF280N-72174.json,EVE Energy,LF280N-72174,https://w3id.org/battinfo/spec/0vqv-sw15-8xvn-3nwt,280.0
EVE_Energy_LF304-72174.json,EVE Energy,LF304-72174,https://w3id.org/battinfo/spec/9ygp-mb6r-09zz-26tk,304.0
EVE_Energy_LF50.json,EVE Energy,LF50,https://w3id.org/battinfo/spec/wkxp-j64y-jtpt-f2ba,50.0
EVE_Energy_LF56K.json,EVE Energy,LF56K,https://w3id.org/battinfo/spec/vaje-e6s8-kwz7-8n96,56.0
EVE_Energy_LF75.json,EVE Energy,LF75,https://w3id.org/battinfo/spec/cwj8-8nvp-kvg9-z27w,75.0
EVE_Energy_LF90K.json,EVE Energy,LF90K,https://w3id.org/battinfo/spec/tt1e-1be6-2wq9-e2ad,91.5
EVE_LF280K.json,EVE,LF280K,https://w3id.org/battinfo/spec/k4j2-6d8j-t2v2-mthz,280.0
Eagle_Picher_Technologies_LLC_LP_32770.json,Eagle Picher Technologies LLC,LP 32770,https://w3id.org/battinfo/spec/62h3-k5x7-8jen-1y8c,55.0
Eagle_Picher_Technologies_LLC_LP_32975.json,Eagle Picher Technologies LLC,LP 32975,https://w3id.org/battinfo/spec/sqyn-djn2-hk60-5baq,12.0
Eagle_Picher_Technologies_LLC_LP_33037.json,Eagle Picher Technologies LLC,LP 33037,https://w3id.org/battinfo/spec/meg7-115w-7wzp-wjce,60.0
Eagle_Picher_Technologies_LLC_LP_33081.json,Eagle Picher Technologies LLC,LP 33081,https://w3id.org/battinfo/spec/ap0w-8h78-smg3-n0gz,30.0
Eagle_Picher_Technologies_LLC_LP_33330.json,Eagle Picher Technologies LLC,LP 33330,https://w3id.org/battinfo/spec/pmqc-kx64-7n46-2g3y,6.0
Eagle_Picher_Technologies_LLC_LP_33450.json,Eagle Picher Technologies LLC,LP 33450,https://w3id.org/battinfo/spec/eztw-4h41-s8xy-q37x,43.0
Eagle_Picher_Technologies_LLC_LP_34100.json,Eagle Picher Technologies LLC,LP 34100,https://w3id.org/battinfo/spec/aff8-qkgd-34p5-db5v,5.0
Eagle_Picher_Technologies_LLC_LiBG18EV-1.json,Eagle Picher Technologies LLC,LiBG18EV-1,https://w3id.org/battinfo/spec/j8qe-emqy-x4e1-4kmw,17.0
Eagle_Picher_Technologies_LLC_SLC-16050-003.json,Eagle Picher Technologies LLC,SLC-16050-003,https://w3id.org/battinfo/spec/emt1-f151-0j4y-bdn9,62.5
Eagle_Picher_Technologies_LLC_SLC-21060-001.json,Eagle Picher Technologies LLC,SLC-21060-001,https://w3id.org/battinfo/spec/sjem-aqex-ypgy-mrev,72.0
Eemb_Co_LP1167220F.json,Eemb Co,LP1167220F,https://w3id.org/battinfo/spec/7qqm-51jt-nn78-wew4,11.0
Eemb_Co_LP38103122.json,Eemb Co,LP38103122,https://w3id.org/battinfo/spec/p1c5-wbqm-a2fe-d80m,5.2
Eemb_Co_LP50100100.json,Eemb Co,LP50100100,https://w3id.org/battinfo/spec/b1zw-20tf-hjme-aqwt,4.8
Eemb_Co_LP55103122.json,Eemb Co,LP55103122,https://w3id.org/battinfo/spec/8jek-b4wj-qtgz-x628,6.6
Eemb_Co_LP60100100F.json,Eemb Co,LP60100100F,https://w3id.org/battinfo/spec/dyns-a7nt-dwpj-5kvm,4.5
Eemb_Co_LP61100100.json,Eemb Co,LP61100100,https://w3id.org/battinfo/spec/8j81-ect6-w435-8nxk,6.8
Eemb_Co_LP6545135.json,Eemb Co,LP6545135,https://w3id.org/battinfo/spec/ntws-8a1c-jpjs-very,3.8
Eemb_Co_LP6548166.json,Eemb Co,LP6548166,https://w3id.org/battinfo/spec/ny9s-syay-x3px-sz6n,5.6
Eemb_Co_LP656194-PCM-LD.json,Eemb Co,LP656194-PCM-LD,https://w3id.org/battinfo/spec/f4hy-x1v1-j8ys-1hak,4.0
Eemb_Co_LP6848166.json,Eemb Co,LP6848166,https://w3id.org/battinfo/spec/pgxn-6hc0-rgyy-83ws,5.2
Eemb_Co_LP70103122.json,Eemb Co,LP70103122,https://w3id.org/battinfo/spec/6bf9-pbqx-20kh-a62v,8.7
Eemb_Co_LP7548166.json,Eemb Co,LP7548166,https://w3id.org/battinfo/spec/h15k-vhjx-akh8-x24e,6.2
Eemb_Co_LP7568130F.json,Eemb Co,LP7568130F,https://w3id.org/battinfo/spec/sqca-8w31-9rvr-kywm,5.0
Eemb_Co_LP7851119F.json,Eemb Co,LP7851119F,https://w3id.org/battinfo/spec/eft0-pvtf-nksh-zh42,7.0
Eemb_Co_LP8545135-PCM-LD.json,Eemb Co,LP8545135-PCM-LD,https://w3id.org/battinfo/spec/84tm-4e56-tbef-j04a,5.6
Eemb_Co_LP855085-PCM-NTC-LD.json,Eemb Co,LP855085-PCM-NTC-LD,https://w3id.org/battinfo/spec/pats-0ts5-xn2c-2ec6,3.9
Eemb_Co_LP857062-PCM-NTC-LD.json,Eemb Co,LP857062-PCM-NTC-LD,https://w3id.org/battinfo/spec/nh38-gfda-yrbm-f2hy,3.8
Eemb_Co_LP8867220.json,Eemb Co,LP8867220,https://w3id.org/battinfo/spec/abm2-5w8n-1fxp-6fhy,10.0
Eemb_Co_LP90100160F.json,Eemb Co,LP90100160F,https://w3id.org/battinfo/spec/sdt2-j67v-fw3e-d5fs,10.0
Eemb_Co_LP9051109-PCM-NTC-LD.json,Eemb Co,LP9051109-PCM-NTC-LD,https://w3id.org/battinfo/spec/v3d6-rsfh-7z51-2f04,5.5
Eemb_Co_LP925572.json,Eemb Co,LP925572,https://w3id.org/battinfo/spec/v8xs-7t9k-ga52-q6wa,4.0
Eemb_Co_LP956167-PCM-LD.json,Eemb Co,LP956167-PCM-LD,https://w3id.org/battinfo/spec/g205-0zs5-xj8a-hevt,4.0
Eemb_Co_LP9590120F.json,Eemb Co,LP9590120F,https://w3id.org/battinfo/spec/zc4d-mzc0-p4bn-3wh8,8.5
EiG_ePLB_C020.json,EiG,ePLB C020,jdc5-f7fg-sszx-5tbc,20.0
Emmerich_LFP26650P.json,Emmerich,LFP26650P,555w-ywh8-84ig-47i6,2.6
EnerDel._INC_HEV_CELL.json,EnerDel. INC,HEV CELL,https://w3id.org/battinfo/spec/jjq9-ma8x-a7j8-g7mf,16.0
GBS_ZhEJIANG_Systems_GBS-LFP200Ah-B.json,GBS ZhEJIANG Systems,GBS-LFP200Ah-B,https://w3id.org/battinfo/spec/q0ye-gyg0-ea4x-cx6a,200.0
GFB_48173125-100Ah.json,GFB,48173125-100Ah,https://w3id.org/battinfo/spec/vmch-wpjc-e9qe-sc2g,100.0
GS_Yuasa_Technology_LVP10.json,GS Yuasa Technology,LVP10,https://w3id.org/battinfo/spec/ee0t-jc71-8qk4-khp0,11.5
GS_Yuasa_Technology_LVP65.json,GS Yuasa Technology,LVP65,https://w3id.org/battinfo/spec/wap3-7pb0-5307-arbb,75.0
Gaia_HP_602030.json,Gaia,HP 602030,https://w3id.org/battinfo/spec/es1v-1h4e-wrse-t6wm,45.0
General_Electronics_Battery_Co_GEB32650.json,General Electronics Battery Co,GEB32650,https://w3id.org/battinfo/spec/k1rd-09xy-b9d3-n7q7,6.0
General_Electronics_Battery_Co_GEB_126090.json,General Electronics Battery Co,GEB 126090,https://w3id.org/battinfo/spec/fke6-1n8s-z604-02ft,8.8
General_Electronics_Battery_Co_GEB_21700.json,General Electronics Battery Co,GEB 21700,https://w3id.org/battinfo/spec/8nfx-ff8r-cjnv-xe60,4.0
General_Electronics_Battery_Co_GEB_26650.json,General Electronics Battery Co,GEB 26650,https://w3id.org/battinfo/spec/ety0-t7ds-456v-j744,5.0
General_Electronics_Battery_Co_GEB_855085.json,General Electronics Battery Co,GEB 855085,https://w3id.org/battinfo/spec/20ky-56g3-5rqt-h0tg,4.1
General_Electronics_Battery_Co_GEB_9059156.json,General Electronics Battery Co,GEB 9059156,https://w3id.org/battinfo/spec/aqda-xcgy-zj03-fxdn,10.0
Gotion_IFR32135.json,Gotion,IFR32135,https://w3id.org/battinfo/spec/twze-nrd2-cnyp-9c7r,15.0
Great_Power_GP_21700.json,Great Power,GP 21700,https://w3id.org/battinfo/spec/hek8-jzeq-waxf-gdkp,4.7
Guangzhou_FULLRIVER_Battery_New_Technology_Co_32700Fe5400.json,Guangzhou FULLRIVER Battery New Technology Co,32700Fe5400,https://w3id.org/battinfo/spec/myn1-vwe5-gypj-q3xy,5.4
HYB_Battery_Co_IMP206990S.json,HYB Battery Co,IMP206990S,https://w3id.org/battinfo/spec/33jw-cstp-tq00-3rm8,9.0
HYB_Battery_Co_IMP50110140S.json,HYB Battery Co,IMP50110140S,https://w3id.org/battinfo/spec/999d-w9zs-g94w-q4wj,60.0
Hangzhou_Future_Power_Technology_Co_FT655894P.json,Hangzhou Future Power Technology Co,FT655894P,https://w3id.org/battinfo/spec/bjvz-yrjg-d3c2-3n92,5.15
Headway_Group_HW38120S_L.json,Headway Group,HW38120S/L,https://w3id.org/battinfo/spec/dxzf-xegc-kw6a-9jwh,10.0
Headway_Group_HW38140S.json,Headway Group,HW38140S,https://w3id.org/battinfo/spec/7gs2-0byz-cppt-h1nq,12.0
Headway_Group_HW40152S.json,Headway Group,HW40152S,https://w3id.org/battinfo/spec/1yvk-gpys-f08t-j3pw,15.0
Hitachi_L0578G1A1.json,Hitachi,L0578G1A1,https://w3id.org/battinfo/spec/m895-g1ja-3efb-2s4x,5.0
Hitachi_L13A0N2C1.json,Hitachi,L13A0N2C1,https://w3id.org/battinfo/spec/gfew-e8gy-ns2v-dkz9,13.0
Hitachi_L15A0N2C1.json,Hitachi,L15A0N2C1,https://w3id.org/battinfo/spec/5yh1-btz7-tpeq-37ry,15.0
Hypercell_NCR20700.json,Hypercell,NCR20700,https://w3id.org/battinfo/spec/cffg-2jke-d30c-3hwj,4.25
JGNE_JGPFR26650.json,JGNE,JGPFR26650,wbe5-msew-zys2-qkv5,3.0
JIANGSU_HIGEE_HJLFP48173170E-120Ah.json,JIANGSU HIGEE,HJLFP48173170E-120Ah,https://w3id.org/battinfo/spec/zxwh-z4x5-g9x3-a45m,120.0
JIANGSU_HIGEE_HJLFP48173170E-152Ah.json,JIANGSU HIGEE,HJLFP48173170E-152Ah,https://w3id.org/battinfo/spec/dpay-a7f9-d8r7-3vte,152.0
Jiangsu_FREY_FREY36130290-100PF.json,Jiangsu FREY,FREY36130290-100PF,https://w3id.org/battinfo/spec/vn7f-ew6g-8v5e-x2tb,100.0
K2_LFP18650E.json,K2,LFP18650E,jfye-c3gb-2zf4-jvrd,1.5
K2_LFP18650P.json,K2,LFP18650P,u6rm-xegt-ucbh-4yfw,1.25
Kayo_battery_co.._ltd_KFL_32650-10P.json,Kayo battery co.. ltd,KFL 32650-10P,https://w3id.org/battinfo/spec/kjaz-mhsm-dyba-69z7,3.8
Kayo_battery_co.._ltd_KFL_32650.json,Kayo battery co.. ltd,KFL 32650,https://w3id.org/battinfo/spec/mjeb-0w0m-4z2v-nhvz,4.0
KeepPower_KP_21700.json,KeepPower,KP 21700,https://w3id.org/battinfo/spec/a0z8-0v30-5j3g-58aa,4.0
KeepPower_NH2140.json,KeepPower,NH2140,https://w3id.org/battinfo/spec/jhf0-65hs-jngb-8gx5,4.0
Kokam_SLPB065070180.json,Kokam,SLPB065070180,https://w3id.org/battinfo/spec/2fep-zhyv-40eh-hwj7,11.6
Kokam_SLPB080085270.json,Kokam,SLPB080085270,https://w3id.org/battinfo/spec/s56s-s6wh-vj9p-z6d0,26.0
Kokam_SLPB100216216H.json,Kokam,SLPB100216216H,https://w3id.org/battinfo/spec/fa7e-t3gd-wq0r-yr18,40.0
Kokam_SLPB11043140H.json,Kokam,SLPB11043140H,https://w3id.org/battinfo/spec/ks7x-5955-atv9-e7ep,4.8
Kokam_SLPB11543140H5.json,Kokam,SLPB11543140H5,https://w3id.org/battinfo/spec/s0af-0em2-mskv-wqnr,5.0
Kokam_SLPB120216216.json,Kokam,SLPB120216216,https://w3id.org/battinfo/spec/c8rr-rhcq-6020-vvw4,53.0
Kokam_SLPB120216216G1.json,Kokam,SLPB120216216G1,https://w3id.org/battinfo/spec/07we-c2td-as11-kq0a,60.0
Kokam_SLPB120216216G1H.json,Kokam,SLPB120216216G1H,https://w3id.org/battinfo/spec/avzz-633y-hhxs-hmks,57.0
Kokam_SLPB120216216G2.json,Kokam,SLPB120216216G2,https://w3id.org/battinfo/spec/0m3c-jtra-92s0-8353,70.0
Kokam_SLPB120216216HR2.json,Kokam,SLPB120216216HR2,https://w3id.org/battinfo/spec/wat3-mcwt-xj9f-c1a8,46.0
Kokam_SLPB120255255.json,Kokam,SLPB120255255,https://w3id.org/battinfo/spec/srac-tvyz-w71q-4nk3,75.0
Kokam_SLPB120460330.json,Kokam,SLPB120460330,https://w3id.org/battinfo/spec/qabn-5hq7-t6e8-7ra1,150.0
Kokam_SLPB125255255G1H.json,Kokam,SLPB125255255G1H,https://w3id.org/battinfo/spec/1h3y-bhdz-318w-n4f7,85.0
Kokam_SLPB125255255H.json,Kokam,SLPB125255255H,https://w3id.org/battinfo/spec/xy99-seat-4667-a6vq,75.0
Kokam_SLPB130255255G1.json,Kokam,SLPB130255255G1,https://w3id.org/battinfo/spec/byjf-1aam-h9f3-wb9m,103.0
Kokam_SLPB130255255P.json,Kokam,SLPB130255255P,https://w3id.org/battinfo/spec/1b0b-jxqx-53qq-wgdj,75.0
Kokam_SLPB140460330.json,Kokam,SLPB140460330,https://w3id.org/battinfo/spec/zfmr-b2q6-7gq2-3rx4,200.0
Kokam_SLPB160460330.json,Kokam,SLPB160460330,https://w3id.org/battinfo/spec/e3kx-gcn7-02pc-2dtw,240.0
Kokam_SLPB30205130H.json,Kokam,SLPB30205130H,https://w3id.org/battinfo/spec/hva7-24s5-85fd-qdjt,5.0
Kokam_SLPB41205130H.json,Kokam,SLPB41205130H,https://w3id.org/battinfo/spec/mm5w-z2hh-yf3z-h4kp,7.5
Kokam_SLPB45205130P.json,Kokam,SLPB45205130P,https://w3id.org/battinfo/spec/41aw-gak3-1m2y-81e0,7.2
Kokam_SLPB50106100.json,Kokam,SLPB50106100,https://w3id.org/battinfo/spec/caz1-ck3b-xwnh-xg3r,5.0
Kokam_SLPB53460330.json,Kokam,SLPB53460330,https://w3id.org/battinfo/spec/0tyz-vyd4-ryt7-9sr3,70.0
Kokam_SLPB55205130H.json,Kokam,SLPB55205130H,https://w3id.org/battinfo/spec/g8aa-wp9v-psjf-xpte,11.0
Kokam_SLPB60216216.json,Kokam,SLPB60216216,https://w3id.org/battinfo/spec/k3ej-j0cp-kmjm-hm9x,25.0
Kokam_SLPB60460330H.json,Kokam,SLPB60460330H,https://w3id.org/battinfo/spec/vy8e-aq24-2xcq-pcc1,70.0
Kokam_SLPB65216216.json,Kokam,SLPB65216216,https://w3id.org/battinfo/spec/45wf-t3gy-pd5b-91qm,30.0
Kokam_SLPB70205130P.json,Kokam,SLPB70205130P,https://w3id.org/battinfo/spec/herm-b8zp-gfaj-hy9q,12.0
Kokam_SLPB70460330.json,Kokam,SLPB70460330,https://w3id.org/battinfo/spec/7gs0-ny5f-xqt9-7bfa,100.0
Kokam_SLPB75106100.json,Kokam,SLPB75106100,https://w3id.org/battinfo/spec/c9g2-kj3e-mqsg-2rjp,7.5
Kokam_SLPB75106205.json,Kokam,SLPB75106205,https://w3id.org/battinfo/spec/088e-0chz-08xm-8jy5,16.0
Kokam_SLPB78216216H.json,Kokam,SLPB78216216H,https://w3id.org/battinfo/spec/g0z8-1h9m-san2-6z26,31.0
Kokam_SLPB80460330H.json,Kokam,SLPB80460330H,https://w3id.org/battinfo/spec/948q-4n9v-ey7z-ydh1,100.0
Kokam_SLPB90216216.json,Kokam,SLPB90216216,https://w3id.org/battinfo/spec/enqr-hd4k-nkyh-0eyr,40.0
Kokam_SLPB98188216P.json,Kokam,SLPB98188216P,https://w3id.org/battinfo/spec/stbt-208w-evyc-tct1,30.0
Kokam_SLPB_283452-HD.json,Kokam,SLPB 283452-HD,nzyt-ud44-3g5k-nb4v,0.35
Kokam_SLPB_526495.json,Kokam,SLPB 526495,ciaw-ai4j-c6tr-ssiz,3.3
Kokam_SPLB160460330H.json,Kokam,SPLB160460330H,https://w3id.org/battinfo/spec/3p2a-1jh9-9k1f-a4kh,200.0
LECLANCHÉ_904823.json,LECLANCHÉ,904823,https://w3id.org/battinfo/spec/3js1-5rsc-9czz-2ydb,22.0
LECLANCHÉ_GL60_(936A04).json,LECLANCHÉ,GL60 (936A04),https://w3id.org/battinfo/spec/aa4h-kbm7-9v6q-410s,60.0
LECLANCHÉ_GL65.json,LECLANCHÉ,GL65,https://w3id.org/battinfo/spec/jjeg-j9ss-n4a4-03qa,65.0
LECLANCHÉ_LT_34_Ah_(936901).json,LECLANCHÉ,LT 34 Ah (936901),https://w3id.org/battinfo/spec/j50c-vcr9-wd8m-1h8w,34.0
LG_Chem_18650HG2.json,LG Chem,18650HG2,https://w3id.org/battinfo/spec/zabt-gj9b-6wx3-06wj,3.0
LG_Chem_18650_HE4.json,LG Chem,18650 HE4,https://w3id.org/battinfo/spec/qwhc-eahq-w81e-nkyr,2.5
LG_Chem_A7.json,LG Chem,A7,https://w3id.org/battinfo/spec/jkx9-zq2e-1m0s-j7tv,50.0
LG_Chem_E61V.json,LG Chem,E61V,https://w3id.org/battinfo/spec/ewra-se7j-xpb0-w3m8,61.0
LG_Chem_E63.json,LG Chem,E63,https://w3id.org/battinfo/spec/evec-epy9-0136-04ah,65.6
LG_Chem_E63B.json,LG Chem,E63B,https://w3id.org/battinfo/spec/jyyg-657v-k3n9-n127,63.0
LG_Chem_E66A.json,LG Chem,E66A,https://w3id.org/battinfo/spec/c0aw-3g9v-cmr8-h65k,65.0
LG_Chem_ICR18650_C2.json,LG Chem,ICR18650 C2,https://w3id.org/battinfo/spec/d3hh-g7b2-yfne-e33z,2.8
LG_Chem_ID.3.json,LG Chem,ID.3,https://w3id.org/battinfo/spec/e5rn-ep3s-hwxr-kwzc,80.45
LG_Chem_INR18650HB6.json,LG Chem,INR18650HB6,uiwy-ynpq-4pin-5jn3,1.5
LG_Chem_INR18650_MJ1.json,LG Chem,INR18650 MJ1,https://w3id.org/battinfo/spec/9ppa-wmzq-ek22-sm6k,3.5
LG_Chem_INR20650_M42.json,LG Chem,INR20650 M42,https://w3id.org/battinfo/spec/8h3j-gz4b-045j-wxh1,4.15
LG_Chem_INR21700_M50.json,LG Chem,INR21700 M50,https://w3id.org/battinfo/spec/2c16-qpzn-d6xc-3shs,4.8
LG_Chem_INR21700_M50T.json,LG Chem,INR21700 M50T,https://w3id.org/battinfo/spec/kxvq-z6n3-tmjb-39mj,4.8
LG_Chem_NX2.1.json,LG Chem,NX2.1,https://w3id.org/battinfo/spec/wyss-xxjj-vpws-bm67,60.0
Lishen_C‑PR51A.json,Lishen,C‑PR51A,https://w3id.org/battinfo/spec/5grh-9jft-09bp-4xa7,51.0
Lishen_LP27148134.json,Lishen,LP27148134,ysbq-htiv-p6iq-dxma,40.0
Lishen_LP37173207-150Ah.json,Lishen,LP37173207-150Ah,https://w3id.org/battinfo/spec/6d3e-gy4w-r68r-51rg,150.0
Lishen_LP44147272-130Ah.json,Lishen,LP44147272-130Ah,https://w3id.org/battinfo/spec/k4sj-y4rp-4fm0-p9kf,130.0
Lishen_LP54173210-202Ah.json,Lishen,LP54173210-202Ah,https://w3id.org/battinfo/spec/qgme-19sz-tj5t-hmad,202.0
Lishen_LP71173207-272Ah.json,Lishen,LP71173207-272Ah,https://w3id.org/battinfo/spec/1ngw-d6jd-rs3r-ekzc,272.0
Lishen_LR2170SA.json,Lishen,LR2170SA,https://w3id.org/battinfo/spec/z689-gs4b-eh67-bdk0,4.0
Lishen_LR2170SC.json,Lishen,LR2170SC,https://w3id.org/battinfo/spec/2wc9-zzv1-83bs-aatc,5.0
Lishen_LR2170SF.json,Lishen,LR2170SF,https://w3id.org/battinfo/spec/awe0-3p86-tmt7-86q5,4.5
Melasta_MB-IFR26650.json,Melasta,MB-IFR26650,https://w3id.org/battinfo/spec/6n35-6kv8-4n2y-3vqp,3.8
Melasta_MB-LFP-32173128.json,Melasta,MB-LFP-32173128,https://w3id.org/battinfo/spec/8bqj-kxy2-ky1n-dqz7,60.0
Melasta_SLPBB042126.json,Melasta,SLPBB042126,https://w3id.org/battinfo/spec/y6yw-6knj-14na-a3na,6.55
Molicel_INR-21700-P42A.json,Molicel,INR-21700-P42A,https://w3id.org/battinfo/spec/0ank-3b0h-5px9-zm27,4.2
Molicel_INR-21700-P42B.json,Molicel,INR-21700-P42B,https://w3id.org/battinfo/spec/6qf5-jzp7-par2-s2vd,4.2
Neosonic_Li-Polymer_Energy_KMBNK06035195S.json,Neosonic Li-Polymer Energy,KMBNK06035195S,https://w3id.org/battinfo/spec/z6pq-rgkj-sn5z-j77a,5.0
Neosonic_Li-Polymer_Energy_KMBNK06065108S.json,Neosonic Li-Polymer Energy,KMBNK06065108S,https://w3id.org/battinfo/spec/chxf-pvb8-9z45-xq3g,5.1
Neosonic_Li-Polymer_Energy_KMBNK08035130S.json,Neosonic Li-Polymer Energy,KMBNK08035130S,https://w3id.org/battinfo/spec/b2k4-rjsq-ajwh-7m1y,4.9
Neosonic_Li-Polymer_Energy_KMBNK45065144S.json,Neosonic Li-Polymer Energy,KMBNK45065144S,https://w3id.org/battinfo/spec/2fwy-rh2m-a6tk-ph2c,5.0
Neosonic_Li-Polymer_Energy_KMBNS06035195S.json,Neosonic Li-Polymer Energy,KMBNS06035195S,https://w3id.org/battinfo/spec/wrc4-pkms-3cgz-tv5a,4.6
Neosonic_Li-Polymer_Energy_KMBNS06065108S.json,Neosonic Li-Polymer Energy,KMBNS06065108S,https://w3id.org/battinfo/spec/1dgx-5ft1-tmv8-m1w5,4.7
Neosonic_Li-Polymer_Energy_KMBNS08035130S.json,Neosonic Li-Polymer Energy,KMBNS08035130S,https://w3id.org/battinfo/spec/dc8v-mc21-v1j8-5zwy,4.5
Neosonic_Li-Polymer_Energy_KMBNS45065144S.json,Neosonic Li-Polymer Energy,KMBNS45065144S,https://w3id.org/battinfo/spec/888x-85ec-y2e1-4r04,4.6
O'CELL_IFR14500EC.json,O'CELL,IFR14500EC,xcbw-6xpx-77av-ibve,0.6
OSN_OSN-08198255-LT28.json,OSN,OSN-08198255-LT28,https://w3id.org/battinfo/spec/mtkc-qet1-zc8c-7y4x,28.0
Optimum_Battery_Co_Ltd_OPT-32650F.json,Optimum Battery Co Ltd,OPT-32650F,https://w3id.org/battinfo/spec/rb3m-qrec-qsys-ycta,5.0
Panasonic-Sanyo_NCR18650GA.json,Panasonic-Sanyo,NCR18650GA,https://w3id.org/battinfo/spec/whs5-4bba-w3ew-c9wa,3.45
Panasonic_NCA596080.json,Panasonic,NCA596080,https://w3id.org/battinfo/spec/zgp5-9rdq-1d65-y3aq,3.95
Panasonic_NCR18650BD.json,Panasonic,NCR18650BD,https://w3id.org/battinfo/spec/rgyx-7f1a-9p8c-k6dm,3.18
Panasonic_NCR18650BF.json,Panasonic,NCR18650BF,https://w3id.org/battinfo/spec/2jcm-vsjh-crdx-5v7q,3.35
Panasonic_NCR18650PF.json,Panasonic,NCR18650PF,https://w3id.org/battinfo/spec/gjr9-jyhc-t3sd-m1zn,2.75
Panasonic_NCR20700A.json,Panasonic,NCR20700A,https://w3id.org/battinfo/spec/r0z1-626s-vjn0-1c9j,3.3
Panasonic_NCR20700B.json,Panasonic,NCR20700B,https://w3id.org/battinfo/spec/7far-cdr7-ygcx-rsjp,4.0
Panasonic_NCR21700A.json,Panasonic,NCR21700A,https://w3id.org/battinfo/spec/1rg8-8yyx-1qcc-02vs,5.0
Panasonic_NCR2170‑M.json,Panasonic,NCR2170‑M,https://w3id.org/battinfo/spec/v0mc-7s30-rgej-apb1,5.02
Panasonic_UPF673791.json,Panasonic,UPF673791,https://w3id.org/battinfo/spec/5yrq-ebty-57qr-hv3d,2.9
Power-Sonic_PSL-FP-IFP2770180EC.json,Power-Sonic,PSL-FP-IFP2770180EC,j28s-fxp4-sgmx-hm47,25.0
Quallion_LLC_QL015KA.json,Quallion LLC,QL015KA,https://w3id.org/battinfo/spec/e3s3-k63j-hstj-3w47,15.0
SKI_SKI_Kia_Niro.json,SKI,SKI Kia Niro,https://w3id.org/battinfo/spec/mxta-zv49-rnrv-hr3a,60.0
Saft_INT_176065_ISR_FL.json,Saft,INT 176065 ISR FL,https://w3id.org/battinfo/spec/m8wv-xpyg-j2a2-qq03,5.6
Saft_MP174565.json,Saft,MP174565,https://w3id.org/battinfo/spec/b8er-j24d-ay8s-r161,4.8
Saft_MP174565xtd.json,Saft,MP174565xtd,https://w3id.org/battinfo/spec/vq41-wkk9-vzv4-vpc3,4.0
Saft_MP174865.json,Saft,MP174865,https://w3id.org/battinfo/spec/fehx-bdfg-e44v-3kwc,5.3
Saft_MP174865_IS.json,Saft,MP174865 IS,https://w3id.org/battinfo/spec/7hbw-p5c8-tga4-sf22,4.8
Saft_MP176065.json,Saft,MP176065,https://w3id.org/battinfo/spec/k2fy-mvhb-04jj-e0qd,6.8
Saft_MP176065xtd.json,Saft,MP176065xtd,https://w3id.org/battinfo/spec/r9k0-797w-jrgn-hhgg,5.6
Saft_MP_144350_XLR.json,Saft,MP 144350 XLR,https://w3id.org/battinfo/spec/jca2-n0c5-nt03-vk4y,2.6
Saft_MP_176065_ISE.json,Saft,MP 176065 ISE,https://w3id.org/battinfo/spec/ffd0-6tv5-hx5a-ydr7,5.6
Saft_VES100.json,Saft,VES100,https://w3id.org/battinfo/spec/xjt7-v6hz-0bc1-wwmd,28.0
Saft_VES140.json,Saft,VES140,https://w3id.org/battinfo/spec/3gay-7jz6-bhrf-zc5j,39.0
Saft_VES180.json,Saft,VES180,https://w3id.org/battinfo/spec/pjpv-vy9b-ejrw-r250,50.0
Saft_VL_10VFE.json,Saft,VL 10VFE,https://w3id.org/battinfo/spec/sgda-wjr1-d7jk-766h,10.0
Saft_VL_12_V.json,Saft,VL 12 V,https://w3id.org/battinfo/spec/2kd4-bddw-74rm-zctv,12.0
Saft_VL_20P.json,Saft,VL 20P,https://w3id.org/battinfo/spec/f8bq-ytgz-jj12-evjk,20.0
Saft_VL_25PFE.json,Saft,VL 25PFE,https://w3id.org/battinfo/spec/33ws-8c1k-988c-pp52,25.0
Saft_VL_27M.json,Saft,VL 27M,https://w3id.org/battinfo/spec/ak1r-zec7-pfc7-k8yg,27.0
Saft_VL_30P.json,Saft,VL 30P,https://w3id.org/battinfo/spec/h9rn-6x6r-2p7p-nb1g,30.0
Saft_VL_32600-125.json,Saft,VL 32600-125,https://w3id.org/battinfo/spec/r265-mwz8-g6h6-gg7f,4.5
Saft_VL_34480.json,Saft,VL 34480,https://w3id.org/battinfo/spec/0zwg-rsd6-vv2x-mmw3,4.4
Saft_VL_34570.json,Saft,VL 34570,https://w3id.org/battinfo/spec/ef4f-6266-fvms-t86a,5.4
Saft_VL_34P.json,Saft,VL 34P,https://w3id.org/battinfo/spec/d5vs-rspz-rn5r-8anj,33.0
Saft_VL_37570.json,Saft,VL 37570,https://w3id.org/battinfo/spec/wj74-skyw-03p5-94h8,7.0
Saft_VL_41M.json,Saft,VL 41M,https://w3id.org/battinfo/spec/t069-dqm2-drj0-h6se,41.0
Saft_VL_45E.json,Saft,VL 45E,https://w3id.org/battinfo/spec/0vkn-d7ep-9xk0-5axj,45.0
Saft_VL_45E_FE.json,Saft,VL 45E FE,https://w3id.org/battinfo/spec/bqmd-b0be-w637-m2aw,44.0
Saft_VL_48E.json,Saft,VL 48E,https://w3id.org/battinfo/spec/eh0p-kg08-grfn-52k6,48.0
Saft_VL_4V.json,Saft,VL 4V,https://w3id.org/battinfo/spec/hzvw-2p8p-fper-a3xs,4.4
Saft_VL_52E.json,Saft,VL 52E,https://w3id.org/battinfo/spec/t0tm-vfwp-qw84-dtnw,52.0
Saft_VL_5U.json,Saft,VL 5U,https://w3id.org/battinfo/spec/rykp-d3zt-4bjg-0m1y,5.0
Saft_VL_6A.json,Saft,VL 6A,https://w3id.org/battinfo/spec/6d8y-xy1z-av4d-904e,6.0
Saft_VL_7P.json,Saft,VL 7P,https://w3id.org/battinfo/spec/x8sy-v6h6-byb7-2vr8,7.0
Saft_VL_8V.json,Saft,VL 8V,https://w3id.org/battinfo/spec/56ch-krxd-2jnt-z6g9,8.5
Samsung_SDI_94Ah.json,Samsung SDI,94Ah,https://w3id.org/battinfo/spec/dcy9-j262-w8vb-gxp8,94.0
Samsung_SDI_CS0495RT001A.json,Samsung SDI,CS0495RT001A,https://w3id.org/battinfo/spec/jhs3-f2qx-98c8-4qzs,49.5
Samsung_SDI_ICR18650-22P.json,Samsung SDI,ICR18650-22P,https://w3id.org/battinfo/spec/3p53-hcde-b3sw-pk68,2.15
Samsung_SDI_ICR18650-26F.json,Samsung SDI,ICR18650-26F,ys3v-6gvc-765w-gg5x,2.6
Samsung_SDI_ICR18650-26J.json,Samsung SDI,ICR18650-26J,https://w3id.org/battinfo/spec/bcd9-xg9h-v8ps-0467,2.6
Samsung_SDI_INR-21700-50S.json,Samsung SDI,INR-21700-50S,https://w3id.org/battinfo/spec/1as2-ea52-zejk-rzda,5.0
Samsung_SDI_INR18650-13L.json,Samsung SDI,INR18650-13L,mry6-rige-kw7y-5vmu,1.3
Samsung_SDI_INR18650-20R.json,Samsung SDI,INR18650-20R,https://w3id.org/battinfo/spec/7tm6-x0xd-f4pf-nb8c,2.0
Samsung_SDI_INR18650-20S.json,Samsung SDI,INR18650-20S,https://w3id.org/battinfo/spec/y3kt-rqk0-nvej-1fqt,2.0
Samsung_SDI_INR18650-25R.json,Samsung SDI,INR18650-25R,https://w3id.org/battinfo/spec/5yej-zmkk-rpbz-rrep,2.5
Samsung_SDI_INR18650-30Q.json,Samsung SDI,INR18650-30Q,https://w3id.org/battinfo/spec/ak1y-kjz3-b024-x77e,2.95
Samsung_SDI_INR18650-35E.json,Samsung SDI,INR18650-35E,https://w3id.org/battinfo/spec/js93-wp4f-0jcp-ecgn,3.35
Samsung_SDI_INR21700-30T.json,Samsung SDI,INR21700-30T,https://w3id.org/battinfo/spec/5par-raa3-e4dn-1j4c,3.0
Samsung_SDI_INR21700-40T.json,Samsung SDI,INR21700-40T,https://w3id.org/battinfo/spec/q7gq-kf5m-ks6a-2wkj,4.0
Samsung_SDI_INR21700-48G.json,Samsung SDI,INR21700-48G,https://w3id.org/battinfo/spec/h1ae-p95h-34wf-67r9,4.8
Samsung_SDI_INR21700-48X.json,Samsung SDI,INR21700-48X,https://w3id.org/battinfo/spec/9nvq-rk2k-nn00-3qr0,4.8
Samsung_SDI_INR21700-50E.json,Samsung SDI,INR21700-50E,https://w3id.org/battinfo/spec/27p5-216g-0vyc-98he,4.9
Samsung_SDI_INR21700-50G.json,Samsung SDI,INR21700-50G,https://w3id.org/battinfo/spec/5dfq-yg2a-tex7-f8tn,4.85
Sanyo_UR18650AA.json,Sanyo,UR18650AA,https://w3id.org/battinfo/spec/dxtn-5vjp-jj5n-w040,2.1
Sinopoly_Sinopoly_100_Ah.json,Sinopoly,Sinopoly 100 Ah,https://w3id.org/battinfo/spec/ws34-2v8s-m84x-bdgh,100.0
Sinopoly_Sinopoly_400_Ah.json,Sinopoly,Sinopoly 400 Ah,https://w3id.org/battinfo/spec/mdbg-m905-ggkq-a5qt,400.0
Sony-Murata_US18650VTC5.json,Sony-Murata,US18650VTC5,e72w-wz6j-5z83-icfn,2.6
Sony-Murata_US18650VTC5A.json,Sony-Murata,US18650VTC5A,https://w3id.org/battinfo/spec/gwpw-564f-yeax-058a,2.6
Sony-Murata_US18650VTC6.json,Sony-Murata,US18650VTC6,https://w3id.org/battinfo/spec/vp3y-sbk0-4p0w-7s7e,3.12
Sony-Murata_US21700VTC6A.json,Sony-Murata,US21700VTC6A,https://w3id.org/battinfo/spec/v4jf-c81p-g67k-1pnx,4.1
Sony-Murata_US26650FTC1A.json,Sony-Murata,US26650FTC1A,ukax-mk4u-hyrw-2e9j,3.0
Sony_US18650VTC4.json,Sony,US18650VTC4,https://w3id.org/battinfo/spec/bhan-e7bw-9by0-jyzx,2.1
Thunder-Sky_WB-LYP1000AHA.json,Thunder-Sky,WB-LYP1000AHA,https://w3id.org/battinfo/spec/9ntt-2hw1-saz6-zv4t,1000.0
Thunder-Sky_WB-LYP1000AHC.json,Thunder-Sky,WB-LYP1000AHC,https://w3id.org/battinfo/spec/3pgn-9s0s-3kgf-2796,1000.0
Thunder-Sky_WB-LYP100AHA.json,Thunder-Sky,WB-LYP100AHA,https://w3id.org/battinfo/spec/k65h-7hmz-s22s-h55w,100.0
Thunder-Sky_WB-LYP160AHA.json,Thunder-Sky,WB-LYP160AHA,https://w3id.org/battinfo/spec/3mdq-pc2y-fvt0-m15z,160.0
Thunder-Sky_WB-LYP200AHA.json,Thunder-Sky,WB-LYP200AHA,https://w3id.org/battinfo/spec/9fg4-sss4-z5h9-s4wt,200.0
Thunder-Sky_WB-LYP260AHA.json,Thunder-Sky,WB-LYP260AHA,https://w3id.org/battinfo/spec/6s8x-mh4a-sp7p-00sd,260.0
Thunder-Sky_WB-LYP300AHA.json,Thunder-Sky,WB-LYP300AHA,https://w3id.org/battinfo/spec/hsax-7kxh-3ss7-57eb,300.0
Thunder-Sky_WB-LYP400AHA.json,Thunder-Sky,WB-LYP400AHA,https://w3id.org/battinfo/spec/zssy-1zdf-5bgn-ky0z,400.0
Thunder-Sky_WB-LYP40AHA.json,Thunder-Sky,WB-LYP40AHA,https://w3id.org/battinfo/spec/2anw-djp8-p1sq-caes,40.0
Thunder-Sky_WB-LYP60AHA.json,Thunder-Sky,WB-LYP60AHA,https://w3id.org/battinfo/spec/pqrg-mvff-kzkq-08dk,60.0
Thunder-Sky_WB-LYP700AHA.json,Thunder-Sky,WB-LYP700AHA,https://w3id.org/battinfo/spec/c8q5-k6hn-t71n-20qb,700.0
Thunder-Sky_WB-LYP90AHA.json,Thunder-Sky,WB-LYP90AHA,https://w3id.org/battinfo/spec/02p6-60pe-32rs-4tq0,90.0
VAPCELL_INR21700.json,VAPCELL,INR21700,https://w3id.org/battinfo/spec/7k7z-7zva-bn73-rm9j,4.5
Varta_CP1654_A4X.json,Varta,CP1654 A4X,i82f-kjxr-896g-76x8,0.145
Wuhan_Lisun_Power_Corp._Ltd_ICP174167S.json,Wuhan Lisun Power Corp. Ltd,ICP174167S,https://w3id.org/battinfo/spec/k0py-ztcn-rpzf-hzkj,4.0
Wuhan_Lisun_Power_Corp._Ltd_ICP225054S.json,Wuhan Lisun Power Corp. Ltd,ICP225054S,https://w3id.org/battinfo/spec/2qs8-x9jf-wfra-va04,5.0
Wuhan_Lisun_Power_Corp._Ltd_ICP225069S.json,Wuhan Lisun Power Corp. Ltd,ICP225069S,https://w3id.org/battinfo/spec/3rn0-3avc-eq3k-ccss,7.0
Wuhan_Lisun_Power_Corp._Ltd_ICP226754M.json,Wuhan Lisun Power Corp. Ltd,ICP226754M,https://w3id.org/battinfo/spec/np0j-a9xt-wzw0-c4y8,7.0
Wuhan_Lisun_Power_Corp._Ltd_ICP226769S.json,Wuhan Lisun Power Corp. Ltd,ICP226769S,https://w3id.org/battinfo/spec/bzac-kx7f-pm21-1nyn,9.0
Wuhan_Lisun_Power_Corp._Ltd_ICP254145S.json,Wuhan Lisun Power Corp. Ltd,ICP254145S,https://w3id.org/battinfo/spec/rp1x-27yg-s0zn-ka3f,4.0
Wuhan_Lisun_Power_Corp._Ltd_ICP257054M.json,Wuhan Lisun Power Corp. Ltd,ICP257054M,https://w3id.org/battinfo/spec/hd6p-c1yr-8pt2-gq63,9.0
Wuhan_Lisun_Power_Corp._Ltd_IMP225054S.json,Wuhan Lisun Power Corp. Ltd,IMP225054S,https://w3id.org/battinfo/spec/501g-af7a-nckf-qzeg,3.5
Wuhan_Lisun_Power_Corp._Ltd_IMP225058S.json,Wuhan Lisun Power Corp. Ltd,IMP225058S,https://w3id.org/battinfo/spec/xyh1-21yd-b9gz-r8vy,4.0
Wuhan_Lisun_Power_Corp._Ltd_IMP225069S.json,Wuhan Lisun Power Corp. Ltd,IMP225069S,https://w3id.org/battinfo/spec/11m8-a2s7-2h0z-fbq6,5.0
Yinglong_35Ah.json,Yinglong,35Ah,https://w3id.org/battinfo/spec/hvjp-8a2m-fv05-mjr6,36.2
Yinglong_LTO66160H_40Ah.json,Yinglong,LTO66160H/40Ah,https://w3id.org/battinfo/spec/xej9-tenj-s54v-h3d4,40.0
Yinglong_LithiumTitanate_30Ah.json,Yinglong,LithiumTitanate 30Ah,https://w3id.org/battinfo/spec/dymt-gabn-ybc6-tvej,30.0
Yinglong_LithiumTitanate_33Ah.json,Yinglong,LithiumTitanate 33Ah,https://w3id.org/battinfo/spec/ztjd-ksav-g8ye-n5ew,33.0
Yinglong_LithiumTitanate_40Ah.json,Yinglong,LithiumTitanate 40Ah,https://w3id.org/battinfo/spec/8xvg-8165-06d5-m0e6,40.0
Yinglong_LithiumTitanate_45Ah.json,Yinglong,LithiumTitanate 45Ah,https://w3id.org/battinfo/spec/e9ke-z9r3-a1b1-s3a4,45.0
Yinglong_LithiumTitanate_68Ah.json,Yinglong,LithiumTitanate 68Ah,https://w3id.org/battinfo/spec/dnvf-a5p1-8nx3-4kc1,68.0
Yinglong_LithiumTitanate_9Ah.json,Yinglong,LithiumTitanate 9Ah,https://w3id.org/battinfo/spec/t1x8-t8ag-0k9y-mg2f,9.0
Yoku_Energy_(Shenzhen)_Co_2895129.json,Yoku Energy (Shenzhen) Co,2895129,https://w3id.org/battinfo/spec/1cnw-4p8k-mc8s-ky0t,4.42
Yoku_Energy_(Shenzhen)_Co_656096.json,Yoku Energy (Shenzhen) Co,656096,https://w3id.org/battinfo/spec/hjs5-xczj-dn5j-xyqg,3.6
Yoku_Energy_(Shenzhen)_Co_6567100.json,Yoku Energy (Shenzhen) Co,6567100,https://w3id.org/battinfo/spec/v6p9-prwm-k6kr-51kh,4.0
Yoku_Energy_(Shenzhen)_Co_7545135.json,Yoku Energy (Shenzhen) Co,7545135,https://w3id.org/battinfo/spec/vn6v-2vfs-45br-n1vq,4.2
Yoku_Energy_(Shenzhen)_Co_8235135.json,Yoku Energy (Shenzhen) Co,8235135,https://w3id.org/battinfo/spec/gwhv-wggs-w4jx-6hr2,3.5
Zenlabs_Envia_ENV23426-XP.json,Zenlabs_Envia,ENV23426-XP,https://w3id.org/battinfo/spec/6psw-eth3-8248-v7k9,26.5
Zenlabs_Envia_ENV35011-CRC.json,Zenlabs_Envia,ENV35011-CRC,https://w3id.org/battinfo/spec/285v-ac18-893s-z8xn,10.6
Zenlabs_Envia_ENV_11.6_Ah.json,Zenlabs_Envia,ENV 11.6 Ah,https://w3id.org/battinfo/spec/kmmd-yxhq-bwq5-ag82,12.0
Zenlabs_Envia_ENV_50.4_Ah.json,Zenlabs_Envia,ENV 50.4 Ah,https://w3id.org/battinfo/spec/0jbv-wex0-pwvk-2ta7,51.0
